stat_0,stat_1,stat_2,stat_3,stat_4,stat_5,stat_6,stat_7,stat_8,stat_9,stat_10,stat_11,stat_12,stat_13,stat_14,stat_15,stat_16,stat_17,stat_18,stat_19,stat_20,stat_21,stat_22,stat_23,stat_24,stat_25,stat_26,stat_27,stat_28,stat_29,stat_30,stat_31,stat_32,stat_33,stat_34,stat_35,stat_36,stat_37,stat_38,stat_39,stat_40,stat_41,stat_42,stat_43,stat_44,stat_45,stat_46,stat_47,stat_48,id
0.98104477,0.0695776641368866,0.016642073,0.03851193189620972,0.9794312,0.07442506402730942,0.0278276,0.05289177596569061,0.9738456,0.07692164182662964,0.019526571,0.050559837371110916,0.9967052,0.03733775392174721,0.006166511,0.013729579746723175,0.9967052,0.03733775392174721,0,4.6383386,70,1,0.003889696557270562,0.9960793714621548,3.09319805747162e-05,269.4166666666667,0.01299542307467095,1,12,0.04548752307891846,2.3025850922764515,0.027947044449256084,0.0013068761792817594,1.0084614,0.005253911,1.0,1,0.24996906801942528,0.25,5.463564730871484,0.003194699786889067,153.0751190185547,0.097629063688948,24,178.90694444444443,0.007719844579696655,-0.11300994,-1.2297763,-1.0923009826044974e-06,001f3379
0.96182954,0.10187140107154846,0.039544947,0.07054261863231659,0.96143204,0.1058640107512474,0.051360328,0.12355788052082062,0.939697,0.12310028076171875,0.059065014,0.12867049872875214,0.9861134,0.07381384819746017,0.025542585,0.028941363096237183,0.9861134,0.07381384819746017,2,21.333754,62,1,0.011308562197092083,0.9882067851373183,0.0004846526655896607,54.175,0.020647582132631563,1,19,0.06926989555358887,2.3025850929940455,0.07874451880913916,0.002538656819755366,1.0124804,-0.02810049,1.0,1,0.24881144703438726,0.2500115393491807,4.921679507895399,0.0083022924039886,112.40153503417969,0.09988460650819293,40,59.5,0.014619381166994572,0.6650017,-0.16423185,1.0683265072164643e-05,00115b9f
